223.188.204.169,69.171.248.16,136,0.000000000,0.0000,No objects fetched
223.188.204.169,69.171.248.16,2174,10.297900000,43.4006,1 objects with url like http://ect.channel.facebook.com/pull?channel=p_100...
223.188.204.169,69.171.248.16,424,10.557930000,4.9807,No objects fetched
223.188.204.169,74.125.236.184,3637,13.270533000,1.2270,3 objects with url like http://www.google.co.in/m/gne/suggest/v2?q=q&hl=en...
223.188.204.169,50.17.246.73,80453,16.484678000,5.5038,1 objects with url like http://www.quora.com/...
223.188.204.169,204.246.165.38,291158,18.311678000,5.3048,2 objects with url like http://qsf.cf.quoracdn.net/-1aeeb44fe4a8f1d8.css...
223.188.204.169,54.251.36.43,19019,18.630066000,3.4360,1 objects with url like http://assets.insnw.net/instart/js/instart-quora.j...
223.188.204.169,54.240.168.14,2434,18.779612000,3.2863,1 objects with url like http://qsc.cf.quoracdn.net/-f791fcfc8935e1ad.css...
223.188.204.169,54.240.168.14,3047,18.779872000,3.3061,1 objects with url like http://qsc.cf.quoracdn.net/-2db98c3df271c808.js...
223.188.204.169,54.240.168.14,200734,19.000628000,4.6102,1 objects with url like http://qsc.cf.quoracdn.net/-f7624f49f7a44b0b.js...
223.188.204.169,204.246.165.213,4983,20.401529000,3.2081,1 objects with url like http://d1vgw4v7ja2ido.cloudfront.net/-138685b5d1bb...
223.188.204.169,204.246.165.213,1908,20.526492000,3.0833,1 objects with url like http://d1vgw4v7ja2ido.cloudfront.net/-bcb76e8ee476...
223.188.204.169,204.246.165.213,1866,20.527775000,3.0818,1 objects with url like http://d1vgw4v7ja2ido.cloudfront.net/-55dbc313811b...
223.188.204.169,204.246.165.213,1826,20.529985000,3.0797,1 objects with url like http://d1vgw4v7ja2ido.cloudfront.net/-40b209212ac3...
223.188.204.169,204.246.165.213,3430,20.530755000,3.0788,1 objects with url like http://d1vgw4v7ja2ido.cloudfront.net/-e004dba31fd7...
223.188.204.169,204.246.165.213,1810,20.532457000,3.0769,1 objects with url like http://d1vgw4v7ja2ido.cloudfront.net/-d00b84133c0b...
223.188.204.169,204.246.165.213,424,20.606708000,3.0025,No objects fetched
223.188.204.169,54.240.168.76,5316,20.793883000,2.8336,2 objects with url like http://qph.cf.quoracdn.net/main-thumb-4845149-25-X...
223.188.204.169,54.240.168.76,3046,20.794093000,2.8159,1 objects with url like http://qph.cf.quoracdn.net/main-thumb-4730533-25-H...
223.188.204.169,54.240.168.76,5386,20.794223000,3.2748,2 objects with url like http://qph.cf.quoracdn.net/main-thumb-3458468-25-8...
223.188.204.169,54.240.168.76,322056,20.794346000,4.8490,1 objects with url like http://qph.cf.quoracdn.net/main-qimg-e1cd35e609363...
223.188.204.169,54.240.168.76,6480,20.794461000,2.8330,2 objects with url like http://qph.cf.quoracdn.net/main-thumb-b-135132-50-...
223.188.204.169,54.240.168.76,2858,20.794574000,2.8160,1 objects with url like http://qph.cf.quoracdn.net/main-thumb-4733079-25-n...
223.188.204.169,54.240.168.76,5976,20.794687000,2.8327,2 objects with url like http://qph.cf.quoracdn.net/main-thumb-4741161-25-m...
223.188.204.169,54.240.168.76,219458,20.794795000,4.8485,1 objects with url like http://qph.cf.quoracdn.net/main-qimg-90aa0a4e073ec...
223.188.204.169,54.240.168.76,227025,20.794899000,4.8485,1 objects with url like http://qph.cf.quoracdn.net/main-qimg-acbf2563d01a3...
223.188.204.169,54.240.168.76,303430,20.794998000,4.8485,1 objects with url like http://qph.cf.quoracdn.net/main-qimg-b311193b215b5...
223.188.204.169,54.240.168.76,360822,20.795098000,4.8484,1 objects with url like http://qph.cf.quoracdn.net/main-qimg-28143eac36307...
223.188.204.169,54.240.168.76,2900,20.795201000,2.8147,1 objects with url like http://qph.cf.quoracdn.net/main-thumb-4733726-25-b...
223.188.204.169,54.240.168.76,2895,20.795297000,2.8372,1 objects with url like http://qph.cf.quoracdn.net/main-thumb-4631507-25-D...
223.188.204.169,54.240.168.76,2847,20.795403000,2.8150,1 objects with url like http://qph.cf.quoracdn.net/main-thumb-4384601-25-Z...
223.188.204.169,54.240.168.76,54698,20.795511000,3.5729,1 objects with url like http://qph.cf.quoracdn.net/main-qimg-c5bb32666b328...
223.188.204.169,54.240.168.76,54143,20.795621000,3.5709,1 objects with url like http://qph.cf.quoracdn.net/main-qimg-c109b59b9eb73...
223.188.204.169,54.240.168.76,2858,20.795725000,2.8150,1 objects with url like http://qph.cf.quoracdn.net/main-thumb-5933111-25-m...
223.188.204.169,54.240.168.76,6024,20.795824000,2.8146,1 objects with url like http://qph.cf.quoracdn.net/main-qimg-b4c95f900e4a5...
223.188.204.169,50.17.246.73,4374,21.767529000,7.8796,No objects fetched
223.188.204.169,50.17.246.73,6798,21.777842000,7.8496,No objects fetched
223.188.204.169,50.17.246.73,6804,21.825614000,7.8115,1 objects with url like http://www.quora.com/favicon.ico...
223.188.204.169,118.214.111.139,64228,21.969423000,3.9653,1 objects with url like http://connect.facebook.net/en_US/all.js...
223.188.204.169,118.214.111.139,424,22.001516000,2.4363,No objects fetched
223.188.204.169,50.17.246.73,424,22.018451000,3.7683,No objects fetched
223.188.204.169,173.252.101.16,7149,24.438944000,5.5301,No objects fetched
223.188.204.169,118.214.98.110,15812,24.439275000,3.1981,No objects fetched
223.188.204.169,74.125.236.3,19439,24.439471000,3.5954,2 objects with url like http://www.google-analytics.com/ga.js...
223.188.204.169,118.214.111.144,28813,24.439637000,3.1383,1 objects with url like http://platform.twitter.com/widgets.js...
223.188.204.169,96.17.182.65,12808,24.439787000,3.0820,1 objects with url like http://static.ak.facebook.com/connect/xd_arbiter.p...
223.188.204.169,118.214.111.144,492,24.764850000,2.8133,No objects fetched
223.188.204.169,173.252.101.16,492,24.765382000,3.0621,No objects fetched
223.188.204.169,74.125.236.3,424,24.767425000,2.8472,No objects fetched
223.188.204.169,23.23.156.58,67858,24.865282000,29.8028,8 objects with url like http://tch576495.tch.quora.com/up/chan3-8881/updat...
223.188.204.169,54.240.168.76,172823,27.896364000,6.2818,4 objects with url like http://qph.cf.quoracdn.net/main-qimg-49311ba11ab5b...
223.188.204.169,54.240.168.76,26122,29.176612000,3.5902,2 objects with url like http://qph.cf.quoracdn.net/main-thumb-4674366-25-y...
223.188.204.169,54.240.168.76,7818,29.177279000,4.8901,3 objects with url like http://qph.cf.quoracdn.net/main-thumb-2716684-25-a...
223.188.204.169,54.240.168.76,128754,29.179859000,4.9690,1 objects with url like http://qph.cf.quoracdn.net/main-qimg-f7ba10c08d336...
223.188.204.169,54.240.168.76,96285,29.181233000,4.9675,1 objects with url like http://qph.cf.quoracdn.net/main-qimg-2f5fe488c166b...
223.188.204.169,54.240.168.76,43755,29.200199000,4.8793,1 objects with url like http://qph.cf.quoracdn.net/main-qimg-3f2162d0ce941...
223.188.204.169,54.240.168.76,46633,29.200980000,4.8886,1 objects with url like http://qph.cf.quoracdn.net/main-qimg-4dd3554756ea4...
223.188.204.169,54.240.168.76,107443,29.201218000,4.9475,1 objects with url like http://qph.cf.quoracdn.net/main-qimg-56856ef30022b...
223.188.204.169,54.240.168.76,40903,29.201667000,4.9052,1 objects with url like http://qph.cf.quoracdn.net/main-qimg-c8b360adea0e6...
223.188.204.169,54.240.168.76,109381,29.202083000,4.9467,1 objects with url like http://qph.cf.quoracdn.net/main-qimg-21cc313529dfd...
223.188.204.169,54.240.168.76,38654,29.202674000,4.9139,1 objects with url like http://qph.cf.quoracdn.net/main-qimg-d5d37e14a774a...
223.188.204.169,54.240.168.76,74131,29.203391000,4.9240,1 objects with url like http://qph.cf.quoracdn.net/main-qimg-18cc445f2440f...
223.188.204.169,54.240.168.76,254741,29.204783000,5.4621,2 objects with url like http://qph.cf.quoracdn.net/main-qimg-2a5ba07673733...
223.188.204.169,54.240.168.76,129838,29.204995000,4.9516,2 objects with url like http://qph.cf.quoracdn.net/main-qimg-93264d647949d...
223.188.204.169,54.240.168.76,7866,29.205376000,4.9433,3 objects with url like http://qph.cf.quoracdn.net/main-thumb-4898853-25-6...
223.188.204.169,54.240.168.76,149874,29.205589000,4.9529,2 objects with url like http://qph.cf.quoracdn.net/main-qimg-6cffda4a8725d...
223.188.204.169,54.240.168.76,66532,29.205813000,4.9230,1 objects with url like http://qph.cf.quoracdn.net/main-qimg-2f6511857a5fa...
223.188.204.169,54.240.168.76,7775,29.206010000,4.9426,3 objects with url like http://qph.cf.quoracdn.net/main-thumb-4631924-25-p...
223.188.204.169,50.17.246.73,2696,30.161509000,4.2270,No objects fetched
223.188.204.169,50.17.246.73,492,30.412512000,3.9665,No objects fetched
223.188.204.169,50.17.246.73,2830,33.836911000,5.1999,No objects fetched
223.188.204.169,50.17.246.73,2789,33.919655000,5.1189,No objects fetched
223.188.204.169,204.246.165.213,1873,33.924808000,2.8631,1 objects with url like http://d1vgw4v7ja2ido.cloudfront.net/-7db7b7475aae...
223.188.204.169,204.246.165.213,1873,33.926552000,2.8822,1 objects with url like http://d1vgw4v7ja2ido.cloudfront.net/-586a902693eb...
223.188.204.169,50.17.246.73,424,34.089330000,2.9937,No objects fetched
223.188.204.169,204.246.165.213,424,34.176454000,2.6113,No objects fetched
223.188.204.169,50.17.246.73,5228,44.563205000,5.7337,No objects fetched
223.188.204.169,50.17.246.73,424,44.815175000,2.8317,No objects fetched
223.188.204.169,50.17.246.73,2574,49.890047000,4.7780,No objects fetched
223.188.204.169,50.17.246.73,424,50.142088000,3.0161,No objects fetched
223.188.204.169,50.17.246.73,2900,56.647099000,4.2510,No objects fetched
223.188.204.169,50.17.246.73,424,56.899017000,2.9104,No objects fetched
223.188.204.169,50.17.246.73,2820,60.371352000,3.6867,No objects fetched
223.188.204.169,50.17.246.73,51625,60.625817000,12.5035,1 objects with url like http://www.quora.com/Vasuki-Narasimha-Swamy...
223.188.204.169,74.125.236.6,124,62.204691000,0.0943,No objects fetched
223.188.204.169,54.240.168.76,3949,63.085618000,3.0898,1 objects with url like http://qph.cf.quoracdn.net/main-thumb-4628704-50-y...
223.188.204.169,54.240.168.76,424,63.337338000,2.3898,No objects fetched
223.188.204.169,204.246.165.213,1875,64.178292000,3.5612,1 objects with url like http://d1vgw4v7ja2ido.cloudfront.net/-6dcb38bf6fb9...
223.188.204.169,204.246.165.213,5354,64.218313000,8.4913,1 objects with url like http://d1vgw4v7ja2ido.cloudfront.net/-545c181229d3...
223.188.204.169,74.125.236.5,19892,64.262344000,8.5049,1 objects with url like http://img.youtube.com/vi/Jf5sbeEQQec/hqdefault.jp...
223.188.204.169,54.251.36.43,18126,64.390466000,8.3388,1 objects with url like http://qph.is.quoracdn.net/main-thumb-4628704-200-...
223.188.204.169,54.251.36.43,3740,64.390600000,8.4076,1 objects with url like http://qph.is.quoracdn.net/main-thumb-4628704-25-y...
223.188.204.169,54.251.36.43,3845,64.432286000,8.3951,1 objects with url like http://qph.is.quoracdn.net/main-thumb-t-2025-25-v8...
223.188.204.169,74.125.236.5,988,64.469574000,8.1139,No objects fetched
223.188.204.169,54.251.36.43,53480,64.487189000,8.2701,1 objects with url like http://qph.is.quoracdn.net/main-qimg-c109b59b9eb73...
223.188.204.169,54.251.36.43,42265,64.488076000,8.3313,1 objects with url like http://qph.is.quoracdn.net/main-qimg-a1298bea47817...
223.188.204.169,54.251.36.43,53994,64.488795000,8.3092,1 objects with url like http://qph.is.quoracdn.net/main-qimg-c5bb32666b328...
223.188.204.169,54.251.36.43,964,64.489150000,8.0801,No objects fetched
223.188.204.169,74.125.236.3,2469,66.013014000,7.2156,1 objects with url like http://www.google-analytics.com/__utm.gif?utmwv=5....
223.188.204.169,23.23.156.58,28460,66.098603000,6.9168,3 objects with url like http://tch135397.tch.quora.com/up/chan2-8883/updat...
223.188.204.169,54.251.36.43,36963,68.048680000,8.4752,1 objects with url like http://qph.is.quoracdn.net/main-qimg-6eafe1e0ba1be...
223.188.204.169,54.251.36.43,95557,68.302595000,10.6698,1 objects with url like http://qph.is.quoracdn.net/main-qimg-b2ff40b17b63f...
223.188.204.169,54.251.36.43,23038,68.572559000,7.9611,1 objects with url like http://qph.is.quoracdn.net/main-qimg-ddbd2b67127df...
223.188.204.169,54.251.36.43,60827,68.572818000,10.3997,1 objects with url like http://qph.is.quoracdn.net/main-qimg-c8853966f2cad...
223.188.204.169,54.251.36.43,51710,68.573045000,7.9747,1 objects with url like http://qph.is.quoracdn.net/main-qimg-a90b930ad5438...
223.188.204.169,54.251.36.43,43765,68.573261000,7.9903,1 objects with url like http://qph.is.quoracdn.net/main-qimg-484e96d6cf2d7...
223.188.204.169,54.251.36.43,1267,68.573481000,4.9860,1 objects with url like http://qph.is.quoracdn.net/main-thumb-t-20817-25-5...
223.188.204.169,54.251.36.43,792,68.573694000,6.2104,No objects fetched
223.188.204.169,74.125.236.1,124,70.433630000,2.3178,No objects fetched
223.188.204.169,74.125.236.3,68,70.439561000,0.0000,No objects fetched
223.188.204.169,74.125.236.3,372,70.439661000,3.1296,No objects fetched
